"태양광발전시설명","소재지도로명주소","가동상태구분명","설비용량(kw)","공급전압(V)","주파수(Hz)","설치연도","데이터기준일자"
"제일교회햇빛발전소","서울시 중구 오장동 101-21","가동중","19.2","380","60","2018","2022-12-02"
"원불교 요안 햇빛발전소","서울시 강서구 가로공원로84길 59(화곡1동 352-46)","가동중","3","","60","2006","2022-12-02"
"수도전기공업고등학교","서울시 강남구 개포로 410(개포동 155)","가동중","90","","60","2006","2022-12-02"
"?일조각 파워하우스","서울시 종로구 신문로2가 1-335, 일조각 출판사","가동중","3","","60","2008","2022-12-02"
"재단법인 아산복지재단","서울시 송파구 올림픽로43길 88(풍납동 388-1)","가동중","147","","60","2008","2022-12-02"
"?청파 햇빛발전소","서울시 용산구 청파동 85","가동중","3","","60","2008","2022-12-02"
"홈플러스 주식회사","서울시 영등포구 당산로 42(문래동3가 55-3)홈플러스 영등포점","가동중","19.04","","60","2008","2022-12-02"
"?서남 태양광발전소(서남물재생센터)","서울시 강서구 마곡동 91(서남물재생센터)","가동중","1300","","60","2011","2022-12-02"
"?등마루 태양광발전소","서울시 강서구 화곡로 218(화곡동 24-236외 1필지)","가동중","4.8","","60","2008","2022-12-02"
"pos-ac, poscon 공동사옥 태양광발전소","서울시 강남구 선릉로 577(역삼동 682-20, 21)","가동중","35","","60","2009","2022-12-02"
"하버드 태양광발전소","서울시 마포구 와우산로26길 20(창전동 6-268)","가동중","9","","60","2009","2022-12-02"
"국회 태양광발전소(국회의사당)","서울시 영등포구 의사당대로 1(여의도동1, 국회의사당)","가동중","29","","60","2009","2022-12-02"
"그린에너지 태양광발전소(서경대학교)","서울시 성북구 서경로 124(정릉동 산16-1 서경대학교)","가동중","97.2","","60","2009","2022-12-02"
"sk 주유소 태양광발전소","서울시 양천구 안양천로 1179(목동 123)","가동중","19.6","","60","2009","2022-12-02"
"링컨 태양광발전소","서울시 용산구 서빙고로59길 3(서빙고동 198-1)","가동중","10.5","","60","2009","2022-12-02"
"송파공고 태양광발전소","서울시 송파구 양산로 21(거여동 331, 송파공고)","가동중","3","","60","2010","2022-12-02"
"롯데마트 영등포 태양광발전소","서울시 영등포구 영중로 125(영등포동 8가 62-1)","가동중","99.258","","60","2011","2022-12-02"
"롯데마트 구로 태양광발전소","서울시 구로구 경인로 482(구로동 636-89)","가동중","98.28","","60","2011","2022-12-02"
"롯데마트 중계 태양광발전소","서울시 노원구 노원로 330(중계동 361)","가동중","98.28","","60","2011","2022-12-02"
"?롯데마트 금천 태양광발전소","서울시 금천구 두산로 71(독산동 295-10)","가동중","99.072","","60","2011","2022-12-02"
"드림쏠라 태양광발전소 3호기","서울시 양천구 목동동로8길 11(신정동 294-39)","가동중","17.172","","60","2012","2022-12-02"
"드림쏠라 태양광발전소 4호기","서울시 광진구 자양로44길 12(구의동 57-89)","가동중","11.44","","60","2011","2022-12-02"
"명인 태양광발전소","서울시 강남구 선릉로112길 87(삼성동 48-13)","가동중","9.2","","60","2011","2022-12-02"
"GS칼텍스(주) 남서울주유소 태양광발전소","서울시 서초구 나루터로 83(잠원동 13-6)","가동중","5","220","60","2010","2022-12-02"
"이마트월계 태양광발전소","서울시 노원구 마들로3길 15(월계동 333-1)","가동중","97.846","","60","2011","2022-12-02"
"대방 태양광발전소?","서울시 동작구 여의대방로24길 101(대방동 404-4, 407-42)","가동중","15","","60","2012","2022-12-02"
"보람 태양광발전소?","서울시 성북구 보국문로 54(정릉동 401-63)","가동중","10.08","","60","2011","2022-12-02"
"광암아리수정수센터 태양광발전소","경기도 하남시 서하남로 293(광암동 187-1)","가동중","810","","60","2013","2022-12-02"
"이미순 태양광발전소","서울시 서초구 홍씨마을길 43-3(내곡동 88-16)","가동중","9","","60","2012","2022-12-02"
"송파나눔발전소 3호(송파구 자원순환공원)","서울시 송파구 헌릉로 793(장지동877, 자원순환공원)","가동중","99.36","","60","2012","2022-12-02"
"리빙스톤 태양광발전소","서울시 서대문구 성산로17길 18-5(연희동 340-17)","가동중","12.69","380","60","2013","2022-12-02"
"지민 태양광발전소","서울시 은평구 통일로82가길 29(불광동 377-18)","가동중","12","380","60","2012","2022-12-02"
"기정 태양광발전소","서울시 성북구 정릉로10길 3(정릉3동 647-12)","가동중","20","380","60","2012","2022-12-02"
"블루밍코트태양광발전소 ","서울시 강남구 논현로71길 46(역삼동 789-27, 28)","가동중","43.68","380","60","2013","2022-12-02"
"아이엠 태양광발전소","서울시 성북구 보국문로14길 15(정릉동 402-107)","가동중","15.6","220","60","2013","2022-12-02"
"세종 태양광발전소 ","서울시 성북구 장월로2길 34(상월곡동 29-38)","가동중","19.04","380","60","2015","2022-12-02"
"무과수마트 태양광발전소","서울시 마포구 와우산로29가길 29(서교동 337-20)","가동중","25.38","380","60","2013","2022-12-02"
"인수 태양광발전소 ","서울시 은평구 은평로21길 31-10(녹번동 75-20)","가동중","12","380","60","2013","2022-12-02"
"법조타워 태양광발전소 ","서울시 서초구 서초대로 264(서초동 1554-4)","가동중","14.95","380","60","2014","2022-12-02"
"봉주하계태양광발전소 ","서울시 노원구 공릉로 360(하계동 208-32)","가동중","18","380","60","2013","2022-12-02"
"영식 태양광발전소","서울시 강서구 공항대로44길 46(화곡동 1099-13)","가동중","14","220","60","2013","2022-12-02"
"송건호 태양광발전소","서울시 강동구 올림픽로112길 4-29(암사동 116-27)","가동중","25.48","220","60","2013","2022-12-02"
"OCI암사태양광발전소(암사아리수정수센터)","서울시 강동구 암사동 3(암사아리수정수센터)","가동중","2475","22900","60","2013","2022-12-02"
"도시개발㈜ 강서시장 태양광발전소(강서농산물도매시장)","서울시 강서구 발산로 40(외발산동 427, 강서농산물도매시장)","가동중","1190.7","22900","60","2013","2022-12-02"
"영신 태양광발전소","서울시 강남구 강남대로44길 16(도곡동 954-4)","가동중","10","220","60","2013","2022-12-02"
"오에스 태양광발전소","서울시 송파구 백제고분로7길 28-35(잠실동 203-2)","가동중","13.26","380","60","2013","2022-12-02"
"신양지파크 태양광발전소 ","서울시 동작구 사당로9가길 14(사당동 220-37)","가동중","12","220","60","2013","2022-12-02"
"제이엔비 태양광발전소","서울시 성북구 정릉로15길 21(정릉3동 670-13)","가동중","15","380","60","2013","2022-12-02"
"아폴론(Apollon)","서울시 동대문구 천호대로91길 83(장안동 359-6)","가동중","19.08","380","60","2014","2022-12-02"
"도봉차량기지 1호기","경기도 의정부시 서계로 42(장암동 153), 도봉차량기지","가동중","700","","60","2013","2022-12-02"
"원당 태양광발전소","서울시 도봉구 방학로17길 41(방학동 548-1)","가동중","19.5","220","60","2013","2022-12-02"
"㈜강산씨앤디 태양광발전소","서울시 구로구 남부순환로97길 3(개봉동 203-8외 3필지)","가동중","30","380","60","2013","2022-12-02"
"은자 태양광발전소","서울시 성북구 석관동 168-31","가동중","19.845","380","60","2018","2022-12-02"
"서울나눔발전소 1호(암사아리수정수센터)","서울시 강동구 암사동 3(암사아리수정수센터)","가동중","2499.48","22900","60","2013","2022-12-02"
"구의힐링 태양광발전소","서울시 광진구 천호대로136길 16(구의동 72-1)","가동중","7.8","220","60","2013","2022-12-02"
" 송파나눔발전소 4호(송파구 자원순환공원)","서울시 송파구 헌릉로 793(장지동 877, 자원순환공원)","가동중","98.8","380","60","2013","2022-12-02"
"뉴로얄태양광발전소","서울시 관악구 봉천동 29(봉천동 910-1)","가동중","20","380","60","2013","2022-12-02"
"서남물재생센터 태양광발전소 ","서울시 강서구 마곡동 218-2(서남물재생센터)","가동중","2995","22900","60","2013","2022-12-02"
"중랑물재생센터 태양광발전소 ","서울시 성동구 송정동 74-293(중랑물재생센터)","가동중","700","22900","60","2013","2022-12-02"
" OCI수서태양광발전소(수서차량기지)","서울시 강남구 밤고개로5길 46-13(수서동 173외 38필지, 수서차량기지)","가동중","675","22900","60","2014","2022-12-02"
"서울나눔발전소2호(구의역 1단계)","서울시 광진구 아차산로 384-1(구의동 245-24, 구의역)","가동중","98.8","380","60","2013","2022-12-02"
"삼각산고등학교 태양광발전소","서울시 강북구 미아동 1267-38(삼각산고등학교)","가동중","19.11","220","60","2013","2022-12-02"
"칠만제1태양광발전소","서울시 광진구 동일로 337(중곡동 610-11)","가동중","18.72","380","60","2014","2022-12-02"
"해동 태양광발전소","서울시 중랑구 용마산로139가길 91(신내동 290-7)","가동중","30","380","60","2014","2022-12-02"
"건국대학교 태양광발전소","서울시 광진구 능동로 120(화양동 1, 건국대학교 상허기념도서관)","가동중","99","380","60","2013","2022-12-02"
"성북나눔발전소1호(성북구의회)","서울시 성북구 북악산로 949-60(종암동 54-182,성북구의회)","가동중","60","380","60","2013","2022-12-02"
"덕신 태양광발전소","서울시 강북구 삼양로131길 13(수유동 282-280)","가동중","19.5","220","60","2013","2022-12-02"
"금보 태양광발전소","서울시 서대문구 연희로14길 62-57(연희동 51-91)","가동중","30","380","60","2014","2022-12-02"
"과연 태양광발전소","서울시 금천구 가산로5길 29(가산동 234-31)","가동중","18","220","60","2013","2022-12-02"
"씨에스비 태양광발전소","서울시 광진구 뚝섬로58길 5(자양동 679-2)","가동중","19.5","220","60","2013","2022-12-02"
"우리당 태양광발전소","서울시 동대문구 약령중앙로 10-3(제기동 1123-1)","가동중","12","220","60","2013","2022-12-02"
"서주 태양광발전소","서울시 강서구 강서로27길 5(화곡동 401-22)","가동중","15","220","60","2014","2022-12-02"
"하늘빛 에너지발전소","서울시 광진구 동일로76길 51-22(중곡동 693-9)","가동중","14.88","220","60","2014","2022-12-02"
"지산 태양광발전소","서울시 강북구 도봉로96길 24(번동 462-110)","가동중","12","220","60","2014","2022-12-02"
"오에스 태양광발전소2","서울시 송파구 백제고분로33길 32-7(석촌동 23-7)","가동중","10.4","220","60","2013","2022-12-02"
"돌이 태양광발전소","서울시 동작구 사당로 268(사당동 1001-33)","가동중","10","220","60","2013","2022-12-02"
"펜라이트","서울시 광진구 아차산로 219(화양동 48-14)","가동중","49.3","380","60","2013","2022-12-02"
"두바이 태양광발전소","서울시 강동구 천중로29길 14(천호동 105-4)","가동중","10","220","60","2015","2022-12-02"
"임대발전소","서울시 동대문구 천장산로7길 26-9(이문동 264-246)","가동중","12","380","60","2014","2022-12-02"
"이원 태양광발전소","서울시 강북구 도봉로30길 16(미아동 134-97)","가동중","12","380","60","2013","2022-12-02"
"강평환 태양광발전소","서울시 강서구 양천로18길 15(방화동 575-20)","가동중","19.5","220","60","2014","2022-12-02"
"백제발전소","서울시 은평구 통일로 1190-1(진관동 36-1, 백제운수)","가동중","49.5","380","60","2013","2022-12-02"
"안전한 발전소","서울시 은평구 통일로 1190-1(진관동 36-1, 백제운수)","가동중","49.5","380","60","2013","2022-12-02"
"도봉햇빛나눔발전소1호(창도초등학교)","서울시 도봉구 방학로 32-28(방학동 722-2, 창도초등학교)","가동중","99.75","380","60","2013","2022-12-02"
"에이치앤씨 발전소","서울시 강서구 월정로28가길 19-20(화곡동 359-51)","가동중","15","220","60","2014","2022-12-02"
"에너비스솔라제1태양광발전소","서울시 성북구 종암로 58(종암동 10-15)","가동중","33.75","380","60","2014","2022-12-02"
"하나 태양광발전소","서울시 송파구 삼학사로14길 26(석촌동 16-8)","가동중","17.85","220","60","2013","2022-12-02"
"블루힐65 태양광발전소","서울시 서초구 반포대로30길 9(서초동 1553-15)","가동중","21.6","380","60","2014","2022-12-02"
"노원햇빛과 바람 발전소1호(노원구청 주차장)","서울시 노원구 노해로 437(상계동 701-1, 노원구청 주차장)","가동중","30","380","60","2013","2022-12-02"
"광평 태양광발전소","서울시 영등포구 당산로27길 13(당산동3가 464)","가동중","9.36","220","60","2014","2022-12-02"
"서대문청소년수련관 태양광발전소","서울시 서대문구 연희로32길 129(연희동 167-1)","가동중","58.5","380","60","2014","2022-12-02"
"영등포구햇빛발전소1 태양광발전소(영등포문화원)","서울시 영등포구 신길로 275(영등포동 582-3, 영등포문화원)","가동중","50","380","60","2014","2022-12-02"
"영등포구햇빛발전소2 태양광발전소(대림3빗물펌프장)","서울시 영등포구 도신로 1-16(대림동 611, 대림3빗물펌프장)","가동중","50","380","60","2014","2022-12-02"
"The-k서울호텔 태양광발전소 ","서울시 서초구 바우뫼로12길 70(양재동 202, 서울호텔)","가동중","94.24","380","60","2014","2022-12-02"
"정윤석 태양광발전소","서울시 도봉구 도봉로141길 11(쌍문동 707-4)","가동중","19.5","380","60","2015","2022-12-02"
"OCI 군자태양광발전소(군자차량기지)","서울시 성동구 용답길 86(용답동 127, 군자차량기지)","가동중","998.28","22900","60","2013","2022-12-02"
"강동햇빛나눔발전소1호(대명초등학교)","서울시 강동구 상암로 271(명일2동 234, 대명초등학교)","가동중","99.75","380","60","2014","2022-12-02"
"강동햇빛나눔발전소2호(성내중학교)","서울시 강동구 성안로7길 36(성내동 530, 성내중학교)","가동중","99.75","380","60","2014","2022-12-02"
"경산 태양광발전소","서울시 동작구 신대방3길 14(신대방동 691-21)","가동중","9","220","60","2014","2022-12-02"
"강동햇빛나눔발전소5호(서울묘곡초등학교)","서울시 강동구 동남로79길46(고덕동 498, 서울묘곡초등학교)","가동중","99.75","380","60","2014","2022-12-02"
"열린 태양광발전소","서울시 금천구 가산로5길 33(가산동 234-32)","가동중","18","220","60","2014","2022-12-02"
"진성 태양광발전소","서울시 성북구 보문로18길 34(안암동 3가 112)","가동중","6","220","60","2014","2022-12-02"
"황금종 태양광발전소 (황금종교회)","서울시 동작구 남부순환로 2057-4(사당동 1046-14)","가동중","30","380","60","2014","2022-12-02"
"에이스 태양광발전소 ","서울시 구로구 디지털로31길 19(구로동 197-7)","가동중","30.75","380","60","2014","2022-12-02"
"연세대학교 태양광발전소 ","서울시 서대문구 연세로50(신촌동 134, 연세대학교 과학관)","가동중","97.6","380","60","2014","2022-12-02"
"강남주민편익시설 태양광발전소","서울시 강남구 남부순환로 3318(일원동 4-1, 강남주민편익시설)","가동중","77.88","380","60","2014","2022-12-02"
"익준A 태양광발전소","서울시 구로구 서해안로 2295(오류동160-2, 160-5)","가동중","19.5","380","60","2016","2022-12-02"
"익준B 태양광발전소 ","서울시 구로구 서해안로 2293(오류동 160)","가동중","50","380","60","2014","2022-12-02"
"강동햇빛나눔발전소3호(신명초등학교)","서울시 강동구 명일로24길 33","가동중","76","380","60","2014","2022-12-02"
"서울나눔발전소3호(구의역 2단계)","서울시 광진구 아차산로 384-1(구의동 245-24, 구의역)","가동중","99.75","380","60","2014","2022-12-02"
"서울나눔발전소4호(건대입구역)","서울시 광진구 아차산로 229(화양동 7-3,건대입구역)","가동중","99.75","380","60","2014","2022-12-02"
"서울나눔발전소5호(구로디지털단지역)","서울시 구로구 구로3동 124(구로디지털단지역)","가동중","99.75","380","60","2014","2022-12-02"
"대원 발전소","서울시 용산구 장문로9길 37(동빙고동 1-43)","가동중","15","380","60","2014","2022-12-02"
"힐링 태양광발전소","서울시 관악구 조원로 170(신림4동 468-1)","가동중","28","380","60","2014","2022-12-02"
"금당 태양광발전소","서울시 광진구 아차산로57길 19(구의동 242-125)","가동중","11","220","60","2014","2022-12-02"
"공릉 태양광발전소","서울시 노원구 공릉로 223(공릉동 440-16)","가동중","40.5","380","60","2014","2022-12-02"
"광성중학교 태양광발전소","서울시 마포구 신수로8길 20(신수동 91-20, 광성중학교)","가동중","73.78","380","60","2014","2022-12-02"
"한국아이씨엠 태양광발전소","서울시 서초구 샘마을길 4-5(내곡동 1-2216)","가동중","18","380","60","2015","2022-12-02"
"홍제 햇빛발전소 (원불교 홍제교당)","서울시 서대문구 홍제원6길 14-12(홍제동 122-35)","가동중","13.005","220","60","2014","2022-12-02"
"상원초 마을햇빛발전소(상원초등학교)","서울시 노원구 한글비석로54길 119(상계동 645, 상원초등학교)","가동중","37.2","380","60","2014","2022-12-02"
"하은 태양광발전소","서울시 강북구 삼양로116길 11(수유동 334-15)","가동중","11","220","60","2014","2022-12-02"
"황용 태양광발전소","서울시 동대문구 경희대로1길 11(회기동 60-50)","가동중","12","220","60","2014","2022-12-02"
"시흥1햇빛발전소(시흥중학교)","서울시 금천구 시흥대로38길 60(시흥동 산24-15, 시흥중학교)","가동중","50","380","60","2014","2022-12-02"
"시흥2햇빛발전소(시흥중학교)","서울시 금천구 시흥대로38길 60(시흥동 산24-15, 시흥중학교)","가동중","50","380","60","2014","2022-12-02"
"한신대학교 태양광발전소","서울시 강북구 인수봉로159(수유동 498-16, 한신대학교)","가동중","49.92","380","60","2014","2022-12-02"
"강북아리수정수센터1 태양광발전소","경기도 남양주시 고산로 171(삼패동 407-13) 강북아리수정수센터","가동중","2800","","60","2014","2022-12-02"
"강북아리수정수센터2 태양광발전소","경기도 남양주시 고산로 171(삼패동 407-13) 강북아리수정수센터","가동중","2800","","60","2014","2022-12-02"
"지축차량기지 1호기","경기도 고양시 삼송로 300(지축동 818-64) 지축차량기지","가동중","700","","60","2014","2022-12-02"
"써니 태양광발전소","서울시 중랑구 동일로152길 23-1(묵동 122-188)","가동중","11.6","220","60","2014","2022-12-02"
"바우뫼 햇빛발전소(품질시험소)","서울시 서초구 태봉로 131(우면동 15, 품질시험소)","가동중","39.6","380","60","2014","2022-12-02"
"건국대학교 상허연구관 태양광발전사업","서울시 광진구 능동로 120(화양동 1, 건국대학교상허연구관)","가동중","99.11","380","60","2015","2022-12-02"
"석관 태양광발전소","서울시 성북구 한천로80길 31(석관동 128-21)","가동중","9","220","60","2014","2022-12-02"
"화이트빌 태양광발전소","서울시 노원구 광운로19가길 24(월계동 376-16)","가동중","15","380","60","2014","2022-12-02"
"무지개언약교회 태양광발전소","서울시 관악구 봉천로41길 29(봉천동 890-3)","가동중","8.96","220","60","2016","2022-12-02"
"케이 태양광발전소","서울시 송파구 백제고분로18길 14(잠실동 317-15)","가동중","13","380","60","2014","2022-12-02"
"태영 태양광발전소","서울시 은평구 통일로88가길 3-3(불광동 391-145)","가동중","15","380","60","2014","2022-12-02"
"태양과바람에너지 태양광발전소(은평공영차고지)","서울시 은평구 수색로24길 19(수색동 414-1, 은평공영차고지)","가동중","50","380","60","2014","2022-12-02"
"고덕1호 태양광발전소","서울시 강동구 동남로83길51(고덕동 642-7)","가동중","19.75","220","60","2014","2022-12-02"
"영승 태양광발전소","서울시 송파구 석촌호수로12길51(잠실동 221-3)","가동중","15","220","60","2014","2022-12-02"
"목동 태양광발전소","서울시 양천구 목동중앙본로7길 46(목동 718-11)","가동중","19.75","220","60","2014","2022-12-02"
"서울나눔발전소7호(영등포아리수정수센터)","서울시 영등포구 노들로 11(양화동 1-29, 영등포아리수정수센터)","가동중","99.75","380","60","2014","2022-12-02"
"성공회 태양광발전소(성공회대학교)","서울시 구로구 연동로 320(항동 1-1, 성공회대학교)","가동중","50","380","60","2014","2022-12-02"
"가락 햇빛발전소 ","서울시 송파구 송파대로 34가길 12(송파동 187-7)","가동중","11.25","220","60","2014","2022-12-02"
"나눔에너지 태양광발전소","서울시 강북구 한천로115길 15(번동 234-3)","가동중","38.25","380","60","2014","2022-12-02"
"태양과바람2호발전소(은평공영차고지)","서울시 은평구 수색로24길 19(수색동 414-1, 은평공영차고지)","가동중","49.5","380","60","2014","2022-12-02"
"서울시차량정비센터 태양광발전소 ","서울시 성동구 가람길 117(송정동 73-36)","가동중","93.6","380","60","2014","2022-12-02"
"신기술창업센터 태양광발전소  ","서울시 강서구 공항대로61길 29(등촌동 647-26)","가동중","97.2","380","60","2014","2022-12-02"
"대호 태양광발전소","서울시 은평구 갈현로 29길 8-9(갈현동 448-19)","가동중","12","220","60","2014","2022-12-02"
"덕산 태양광발전소","서울시 관악구 호암로22길2(신림동 1559)","가동중","19.4","380","60","2014","2022-12-02"
"㈜강산씨앤디 태양광발전소 제2호","서울시 강서구 화곡로140(화곡동 1073-10 외 12필지)","가동중","60.42","380","60","2015","2022-12-02"
" 예수교대한성결교회성지교회","서울시 강서구 양천로26길 66(방화1동 168-19)","가동중","30","380","60","2014","2022-12-02"
"묵동 태양광발전소","서울시 중랑구 공릉로18길 68(묵동 48-22)","가동중","10","220","60","2014","2022-12-02"
"고암 태양광발전소","서울시 노원구 상계동 1167-10 외 1필지","가동중","29.7","380","60","2014","2022-12-02"
"강남지사 태양광발전소","서울시 강남구 수서동 752","가동중","424.8","380","60","2021","2022-12-02"
"탑동 햇빛발전소(탑동초교)","서울시 금천구 탑골로 47-3(시흥동 230, 탑동초교)","가동중","82.35","380","60","2015","2022-12-02"
"수서중학교 태양광발전소","서울시 강남구 광평로 59길 57(수서동 710, 수서중학교)","가동중","74.2","380","60","2015","2022-12-02"
"문현중학교 태양광발전소","서울시 송파구 충민로 99(장지동 838-3, 문현중학교)","가동중","51.675","380","60","2015","2022-12-02"
"서울배봉초등학교 태양광발전소","서울시 동대문구 사가정로 193(전농동 3-111, 서울배봉초등학교)","가동중","74.2","380","60","2015","2022-12-02"
"정풍전산폼 태양광발전소","서울시 금천구 두산로 5-3(독산동 336-35)","가동중","64.8","380","60","2015","2022-12-02"
"SE-BM-S1 태양광발전소","서울시 성북구 안암로3길 67(보문동4가 102-1)","가동중","34.8","380","60","2016","2022-12-02"
"팜파스 햇빛발전","서울시 관악구 신림로73길 11-10(신림동 1429-33,34)","가동중","19","380","60","2015","2022-12-02"
"사파리 태양광발전소","서울시 관악구 은천로12(봉천동 957-5)","가동중","14.88","380","60","2015","2022-12-02"
"대림파워쏠라 태양광발전소","서울시 중랑구 상봉로12길 33(망우동 529-23)","가동중","10.92","220","60","2015","2022-12-02"
"도봉시민햇빛나눔발전소 1호기(도봉문화정보도서관)","서울시 도봉구 덕릉로 315(창동 418, 도봉문화정보도서관)","가동중","19.8","220","60","2014","2022-12-02"
"한남 태양광발전소","서울시 용산구 한남대로 8길 7(한남동 382)","가동중","12","220","60","2017","2022-12-02"
"한화솔루션㈜ 양재 태양광 발전소","서울시 서초구 양재동 225-1외 5필지, 원지동 10-7외 1필지, 옥외주차장","가동중","91.8","380","60","2015","2022-12-02"
"만남 태양광발전소","서울시 서초구 양재동 225-1, 225-10(옥외주차장)","가동중","55.8","380","60","2015","2022-12-02"
"송천 햇빛발전소(원불교 송천교당)","서울시 강북구 장위로4길 5(장위동 231-227)","가동중","12.24","220","60","2014","2022-12-02"
"미하임 태양광발전소","서울시 강남구 도산대로8길 20-4(논현동 16-28)","가동중","5.13","380","60","2015","2022-12-02"
"염리동 태양광발전소","서울시 마포구 대흥로 24길 23(염리동 10-81)","가동중","18","220","60","2015","2022-12-02"
"영남 햇빛발전소(영남초등학교)","서울시 금천구 문성로 62-15(독산동 59-27 영남초등학교)","가동중","81.13","380","60","2015","2022-12-02"
"베뉴에스 태양광발전소","서울시 마포구 와우산로27길 7(서교동 338-1, 338-2)","가동중","8.48","220","60","2015","2022-12-02"
"송은 태양광발전소","서울시 성북구 정릉로52길 8-9(돈암동 2-1)","가동중","27.2","380","60","2015","2022-12-02"
"이창기업 태양광발전소","서울시 송파구 중대로239(오금동49-7)","가동중","20","220","60","2015","2022-12-02"
"이고남 태양광발전소","서울시 중랑구 봉우재로 72(면목동134-6)","가동중","20","380","60","2015","2022-12-02"
"제1호서울시민햇빛발전소(지축차량기지 2호기)","경기도 고양시 삼송로 300(지축동 818-64) 지축차량기지","가동중","1992","","60","2015","2022-12-02"
"제1호서울시민햇빛발전소(도봉차량기지 2호기)","경기도 의정부시 서계로 42(장암동 153) 도봉차량기지","가동중","648","","60","2015","2022-12-02"
"우리 태양광발전소","서울시 도봉구 도봉로169나길 24(도봉동 593-70)","가동중","9","380","60","2015","2022-12-02"
"백석 태양광발전소","서울시 도봉구 해등로 26길 25(쌍문동 217)","가동중","19.2","380","60","2015","2022-12-02"
"영보 태양광발전소","서울시 은평구 은평로 25(신사동 20-4)","가동중","14.25","380","60","2015","2022-12-02"
"효제동 태양광발전소","서울시 종로구 종로35가길 7-17(효제동 211)","가동중","18","380","60","2015","2022-12-02"
"이큐빅 태양광발전소","서울시 서대문구 연세로7안길 31(창천동 52-76)","가동중","1","220","60","2015","2022-12-02"
"개화 차량기지 태양광발전소","서울시 강서구 개화동로8길 38(개화동 495-4)","가동중","998.4","22900","60","2015","2022-12-02"
"고덕 차량기지 태양광발전소","서울시 강동구 아리수로87길 32(강일동 227-1)","가동중","612","22900","60","2015","2022-12-02"
"동국 태양광발전소","서울시 강북구 한천로131길 36(번동418-10,418-16)","가동중","16.8","380","60","2016","2022-12-02"
"DH 르네상스 태양광발전소","서울시 성북구 동소문로20나길 39,35(동선동1가 92-20, 2)","가동중","17.69","380","60","2015","2022-12-02"
"건국대학교 제3호 태양광발전소","서울시 광진구 능동로 120(화양동 1, 건국대학교 공학관,과학관,창의관)","가동중","399.6","22900","60","2015","2022-12-02"
"광진 태양광발전소(동부여성발전센터)","서울시 광진구 아차산로30길 36(자양동 9-13, 동부여성발전센터)","가동중","30","380","60","2016","2022-12-02"
"신우 태양광발전소","서울시 성북구 정릉로52길 22(돈암동2-2)","가동중","19.8","380","60","2015","2022-12-02"
"구룡에너지 태양광발전소","서울시 마포구 방울내로 11길 23(망원동 471-18)","가동중","10.8","380","60","2015","2022-12-02"
"한사랑 태양광발전소","서울시 동대문구 장한로28길 56(장안2동 331-9)","가동중","31.8","380","60","2015","2022-12-02"
"한국태양광발전 협동조합(노원집단에너지 관리동)","서울시 노원구 덕릉로70길 99(상계동 772-5, 노원집단에너지시설)","가동중","49","380","60","2015","2022-12-02"
"한국태양발전 협동조합(북부도로사업소)","서울시 강북구 한천로 913(번2동 365-1, 북부도로사업소)","가동중","40.8","380","60","2015","2022-12-02"
"완후 태양광발전소","서울시 동대문구 천장산로7길 8(이문동 264-211)","가동중","15","220","60","2015","2022-12-02"
"독산1동 태양광발전소","서울시 금천구 시흥대로151길 15-11(독산동 147-58)","가동중","9.36","220","60","2015","2022-12-02"
"한성 태양광발전소","서울시 도봉구 노해로63번길 54(창동 328)","가동중","60","380","60","2016","2022-12-02"
"진양 태양광발전소","서울시 노원구 월계로 44길 13(월계동 934)","가동중","20","380","60","2016","2022-12-02"
"그린 태양광발전소","서울시 중구 동호로7길 47-5(신당동 372-435)","가동중","19.2","380","60","2015","2022-12-02"
"성원 태양광발전소","서울시 강동구 올림픽로92길 7(천호동 287-27)","가동중","14.84","220","60","2015","2022-12-02"
"다안 태양광발전소","서울시 마포구 어울마당로 34(상수동 318-2)","가동중","6","220","60","2015","2022-12-02"
"구로햇빛발전소 1호기(구로빗물펌프장)","서울시 구로구 남부순환로 971(개봉동 189)외 1필지, 구로빗물펌프장","가동중","29.76","380","60","2015","2022-12-02"
"강남탄천햇빛발전소(탄천물재생센터)","서울시 강남구 개포로 625길(일원동, 580번지, 탄천물재생센터 제2처리장방류펌프동 옥상)","가동중","49.5","380","60","2015","2022-12-02"
"독산고 시민햇빛발전소","서울시 금천구 문성로 64(독산동 907-34)","가동중","50","380","60","2016","2022-12-02"
"중랑공영차고지 태양광발전소","서울시 중랑구 용마산로140길 51(신내동 63), 중랑공영차고지","가동중","20","380","60","2015","2022-12-02"
"수도전기공업고등학교 태양광발전소","서울시 강남구 개포로 410,(개포2동 155), 수도공고","가동중","63.75","380","60","2015","2022-12-02"
"서울면동초등학교 태양광발전소","서울시 중랑구 면목로57길 32(면목본동 551)","가동중","63.75","380","60","2015","2022-12-02"
"서울시인재개발원 서초태양광발전소","서울시 서초구 남부순환로340길 58(서초동 393-1, 서울시인재개발원 주차장)","가동중","60.69","380","60","2015","2022-12-02"
"진성 태양광발전소","서울시 관악구 서림11길 29(신림동 103-149)","가동중","8.4","220","60","2015","2022-12-02"
"성북나눔발전소2호(장위빗물펌프장)","서울시 성북구 한천로724(장위동 157-2)","가동중","10","380","60","2015","2022-12-02"
"성북나눔발전소3호(개운산공원 생태체험교실)","서울시 성북구 북악산로 949-73(돈암동 산 6-1)","가동중","10","380","60","2015","2022-12-02"
"성북나눔발전소4호(길음환승주차장)","서울시 성북구 동소문로 260(하월곡동 104-116)","가동중","50","380","60","2015","2022-12-02"
"노아 태양광발전소","서울시 서대문구 성산로17길 21(연희동 340-18)","가동중","14.25","380","60","2015","2022-12-02"
"목동햇빛발전소(목동교당)","서울시 양천구 오목로46길 15(신정동 998-1)","가동중","10.5","220","60","2015","2022-12-02"
"태양과바람3호 태양광발전소(난지물재생센터 유입펌프장)","서울시 마포구 증산로 12(상암동 1536-3), 난지물재생센터 유입펌프장","가동중","99.82","380","60","2015","2022-12-02"
"BI 태양광발전소","서울시 강북구 삼양로 202(미아동 734-290)","가동중","18.6","380","60","2015","2022-12-02"
"도봉햇빛나눔발전소1호기(초안산 근린공원주차장)","서울시 도봉구 창동 산 24(초안산 근린공원 주차장)","가동중","62.4","380","60","2016","2022-12-02"
"구로희망 햇빛발전소(고척도서관)","서울시 구로구 고척로45길 31(고척동 산9-14), 고척도서관","가동중","97.2","380","60","2015","2022-12-02"
"핀란드타워 태양광발전소","서울시 서대문구 신촌로 203(대현동 67-5)","가동중","6.48","220","60","2018","2022-12-02"
"문화류씨충경빌딩 태양광발전소","서울시 양천구 오목로 185-1(신정동 908-21)","가동중","12.4","380","60","2016","2022-12-02"
"테트라빌 태양광발전소","서울시 성북구 성북로8길 41(성북동 178-19)","가동중","13.44","380","60","2016","2022-12-02"
"케이엠 태양광발전소 1호기(구의아리수정수센터 탈수기동)","서울시 광진구 워커힐로 13(광장동 520), 구의아리수정수센터","가동중","65.52","380","60","2016","2022-12-02"
"도봉시민햇빛나눔발전소 2호기(누원고등학교)","서울시 도봉구 마들로 849(도봉동 646, 누원고등학교)","가동중","19.2","380","60","2016","2022-12-02"
"네비게이토 태양광발전소(네비게이토선교회)","서울시 동작구 상도로39가길 1(상도1동 458-2)","가동중","18.2","380","60","2016","2022-12-02"
"안전 태양광발전소","서울시 중구 필동2가 17-2(퇴계로210-12)","가동중","11","220","60","2016","2022-12-02"
"한국태양발전협동조합(구의아리수정수센터 여과지동)","서울시 광진구 워커힐로 13 (광장동 520)구의아리수정수센터 여과지동","가동중","99.84","380","60","2016","2022-12-02"
"구로희망 햇빛발전소2호기(신구로펌프장)","서울시 구로구 구로동 683-3 외다수(신구로빗물펌프장 옥상)","가동중","60.48","380","60","2016","2022-12-02"
"조선일보1호 태양광발전소 C-square","서울시 중구 태평로1가 61-21","가동중","31","380","60","2016","2022-12-02"
"능동 태양광발전소","서울시 광진구 능동로 34길 74","가동중","19.84","220","60","2016","2022-12-02"
"인헌고 시민햇빛발전소","서울시 관악구 인헌동 174-5, 인헌고등학교","가동중","75","380","60","2017","2022-12-02"
"홍익타운 태양광발전소","서울시 성북구 안암동3가 131-1","가동중","8.505","220","60","2020","2022-12-02"
"에버태양광발전소","서울시 관악구 ]난곡로64길 53(에버하우스)","가동중","6","220","60","2016","2022-12-02"
"도봉햇빛나눔발전소 2호기(창2동주민센터)","서울시 도봉구 덕릉로59길 73-3, 창2동주민센터 옥상","가동중","15.4","380","60","2016","2022-12-02"
"성진Solar(명지햇빛발전소)","서울시 서대문구 명지2길 56, 명지고등학교 옥상","가동중","99","380","60","2017","2022-12-02"
"군자태양광발전소","서울시 관악구 신림동 492-20","가동중","9","220","60","2017","2022-12-02"
"신림중학교 햇빛발전소","서울시 관악구 신림로40, 신림중학교 ","가동중","70.2","380","60","2017","2022-12-02"
"태양과바람4호기태양광발전소(서울혁신파크)","서울시 은평구 통일로684(녹번동5번지)서울혁신파크 미래청","가동중","88.2","380","60","2017","2022-12-02"
"구로햇빛발전소 2호기(개봉빗물펌프장)","서울시 구로구 개봉동 189-3(개봉빗물펌프장)","가동중","40.2","380","60","2017","2022-12-02"
"파크빌태양광발전소","서울시 은평구 불관동 331-150","가동중","9","220","60","2016","2022-12-02"
"도봉시민햇빛나눔발전소3호기(차량정비고)","서울시 도봉구 덕릉로66길 84-1 (도봉구 청소행정과 차량정비고 옥상)","가동중","17.42","380","60","2017","2022-12-02"
"은평메디텍햇빛발전소(은평메디텍고등학교)","서울시 은평구 진관2로 57-57, 은평메디텍고등학교","가동중","99.2","380","60","2017","2022-12-02"
"kepco-1-1-수도공고(본관) 태양광발전소","서울시 강남구 개포로 410, 수도공업고등학교","가동중","99","380","60","2016","2022-12-02"
" kepco-1-2-동명여고 태양광발전소","서울시 은평구 통일로 793 동명여자고등학교(건물옥상)","가동중","99.75","380","60","2017","2022-12-02"
"우주선 태양광발전소","서울시 광진구 군자동 352-1","가동중","8.37","220","60","2017","2022-12-02"
"솔라1 태양광발전소","서울시 중랑구 신내동 613-71","가동중","19.04","380","60","2017","2022-12-02"
"박승희 태양광발전소","서울시 송파구 송이로23길 30-9","가동중","10.505","220","60","2017","2022-12-02"
"성안운수㈜ 태양광발전소","서울시 도봉구 방학로 17","가동중","10.72","380","60","2017","2022-12-02"
"KT구로지사 태양광발전소","서울시 관악구 조원중앙로1길 26","가동중","117.92","380","60","2017","2022-12-02"
"호성 태양광발전사업","서울시 노원구 상계동 1075-1","가동중","15.75","380","60","2017","2022-12-02"
"금산햇빛발전사업(금산초교)","서울시 금천구 시흥대로24길 57(금산초등학교)","가동중","34.32","380","60","2017","2022-12-02"
"썬 태양광발전소","서울시 광진구 긴고랑로 148-1","가동중","19","380","60","2017","2022-12-02"
" kepco-1-31-양강초 태양광발전소","서울시 양천구 오목로 101, 양강초등학교","가동중","43.47","380","60","2018","2022-12-02"
" kepco-1-34-청룡초 태양광발전소","서울시 관악구 관악로5길 61, 청룡초등학교","가동중","70.38","380","60","2018","2022-12-02"
" kepco-1-36-개포고 태양광발전소","서울시 강남구 개포로402, 개포고등학교","가동중","70.38","380","60","2018","2022-12-02"
"잠실철교 남단 태양광 나눔발전소","서울시 송파구 신천동 5번지(잠실철교 남단 폐도로 부지)","가동중","47.25","380","60","2017","2022-12-02"
"대흥1호 태양광발전소","서울시 동대문구 답십리동 99-6","가동중","37.8","380","60","2017","2022-12-02"
"대흥2호 태양광발전소","서울시 동대문구 장안동 464-8","가동중","29.925","380","60","2017","2022-12-02"
"대흥3호 태양광발전소","서울시 동대문구 답십리동 94-9","가동중","55.759","380","60","2017","2022-12-02"
"또감사 태양광발전소","서울시 강동구 천호동 308-6","가동중","30.87","380","60","2017","2022-12-02"
"솔라2 태양광발전소","서울시 구로구 오류동 137-8","가동중","53.25","380","60","2017","2022-12-02"
"화원중학교 햇빛발전소","서울시 강서구 화곡1동 351-94 화원중","가동중","48.24","380","60","2017","2022-12-02"
"면목 햇빛발전소","서울시 중랑구 용마산로72길 36-14 면목고","가동중","70.2","380","60","2017","2022-12-02"
"서울 항공비즈니스 햇빛발전소","서울시 강서구 방화대로34길 13","가동중","98.56","380","60","2017","2022-12-02"
"대림 태양광발전소","서울시 영등포구 대림동 713-6","가동중","19.04","380","60","2018","2022-12-02"
"개웅중학교 햇빛발전소","서울시 구로구 개봉로11길 81, 개웅중학교 교사동","가동중","49.5","380","60","2018","2022-12-02"
"양천 햇빛공유발전소 1호 (서울에너지공사 본관)","서울시 양천구 목동서로 20(서울에너지공사)","가동중","95.85","380","60","2017","2022-12-02"
"중화고 마을햇빛발전소","서울시 중랑구 봉화산로27길 62 중화고등학교","가동중","57.62","380","60","2018","2022-12-02"
"하슬라태양광발전소","서울시 관악구 행운길 50","가동중","12.06","220","60","2017","2022-12-02"
"재성 태양광발전소","서울시 도봉구 방학동 703-21","가동중","14.04","380","60","2018","2022-12-02"
"솔라3 태양광발전소","서울시 중랑구 망우동 460-27","가동중","30.24","380","60","2018","2022-12-02"
"상계고등학교햇빛발전소","서울시 노원구 상계동 738 상계고등학교","가동중","74.25","380","60","2018","2022-12-02"
"삼지전자태양광발전소","서울시 금천구 가산디지털2로 169-21(건축물 C동 옥상)","가동중","48.64","380","60","2017","2022-12-02"
"전주현태양광발전소","서울시 강북구 미아동 327-3","가동중","14.4","220","60","2018","2022-12-02"
"김재희태양광발전소","서울시 서대문구 홍은동 8-18","가동중","17.28","380","60","2018","2022-12-02"
" kepco-1-3-혜원여중 태양광발전소","서울시 중랑구 봉우재로58길 6, 혜원여자중학교","가동중","94.5","380","60","2018","2022-12-02"
"응암동태양광발전소","서울시 은평구 응암동 751-35","가동중","10","380","60","2018","2022-12-02"
" kepco-1-45-하계중 태양광발전소","서울시 노원구 노원로 261-8, 하계중학교","가동중","99.36","380","60","2019","2022-12-02"
" kepco-1-48-동원초 태양광발전소","서울시 중랑구 송림길 114, 동원초등학교","가동중","80.73","380","60","2019","2022-12-02"
" kepco-1-4-영일고 태양광발전소","서울시 강서구 등촌로51가길 26, 영일고등학교","가동중","46.2","380","60","2018","2022-12-02"
" kepco-1-53-광남고 태양광발전소","서울시 광진구 아차산로 70길 17-16, 광남고등학교","가동중","80.73","380","60","2019","2022-12-02"
" kepco-1-54-중화중 태양광발전소","서울시 중랑구 용마산로364, 중화중학교","가동중","80.73","380","60","2019","2022-12-02"
" kepco-1-55-창신초 태양광발전소","서울시 종로구 지붕로73, 창신초등학교","가동중","37.26","380","60","2019","2022-12-02"
" kepco-1-58-휘경초 태양광발전소","서울시 동대문구 망우로6길 48, 휘경초등학교","가동중","80.73","380","60","2019","2022-12-02"
" kepco-1-59-상봉중 태양광발전소","서울시 중랑구 상봉중앙로8길나길 28, 상봉중학교","가동중","49.68","380","60","2019","2022-12-02"
" kepco-1-68-신수중 태양광발전소","서울시 마포구 신수로 49, 신수중학교","가동중","32.85","380","60","2019","2022-12-02"
" kepco-1-6-구일중 태양광발전소","서울시 구로구 구일로 90-133, 구일중학교","가동중","70.38","380","60","2018","2022-12-02"
" kepco-1-75-휘경공고 태양광발전소","서울시 동대문구 겸재로 21, 휘경공업고등학교","가동중","49.385","380","60","2020","2022-12-02"
" kepco-1-9-온수초 태양광발전소","서울시 구로구 부일로 893, 온수초등학교","가동중","49.68","380","60","2018","2022-12-02"
"kepco-1-10-영등포고 태양광발전소","서울시 동작구 대방동 13-2, 영등포고등학교","가동중","99.36","380","60","2018","2022-12-02"
"kepco-1-11-문래초 태양광발전소","서울시 영등포구 문래로 104, 문래초등학교","가동중","49.68","380","60","2018","2022-12-02"
"kepco-1-12-수송중 태양광발전소","서울시 강북구 한천로122길 21, 수송중학교","가동중","37.26","380","60","2018","2022-12-02"
"kepco-1-13-오현초 태양광발전소","서울시 강북구 월계로 221, 오현초등학교","가동중","49.68","380","60","2018","2022-12-02"
"kepco-1-14-강일초 태양광발전소","서울시 강동구 아리수로98길 24, 강일초등학교","가동중","65.205","380","60","2018","2022-12-02"
"kepco-1-15-삼성고 태양광발전소","서울시 관악구 신림로 41, 삼성고등학교","가동중","70.38","380","60","2018","2022-12-02"
"kepco-1-16-청덕초 태양광발전소","서울시 성북구 정릉로9라길 11, 청덕초등학교","가동중","99.36","380","60","2018","2022-12-02"
"kepco-1-17-오정초 태양광발전소","서울시 구로구 경인로2길 10, 오정초등학교","가동중","49.68","380","60","2018","2022-12-02"
"삼성전자나눔발전소 1호(서울교통공사 인재개발원)","서울시 성동구 천호대로 78길 15-48 서울교통공사 인재개발원","가동중","87.04","380","60","2018","2022-12-02"
"삼성전자나눔발전소 2호(군자차량기지)","서울시 성동구 천호대로 78길 58, 군자차량기지","가동중","310.08","22900","60","2018","2022-12-02"
"삼성전자나눔발전소 3호(신정차량기지)","서울시 양천구 목동로3길 41, 신정차량기지","가동중","97.92","380","60","2018","2022-12-02"
"송암 태양광발전소","서울시 노원구 동일로 192번길 46","가동중","19.04","380","60","2018","2022-12-02"
"국사봉중학교 사회적협동조합 햇빛발전소","서울시 동작구 양녕로20길 20, 국사봉중학교","가동중","33","220","60","2018","2022-12-02"
"프라임 발전소","서울시 서대문구 대신동 122-2","가동중","16.5","380","60","2017","2022-12-02"
"메이즈 발전소","서울시 서대문구 대신동 144","가동중","19.5","380","60","2017","2022-12-02"
"메이필드 태양광발전소","서울시 강서구 외발산동 426","가동중","65.28","380","60","2018","2022-12-02"
"kepco-1-18-신림고 태양광발전소","서울시 관악구 문성로 119, 신림고등학교","가동중","70.38","380","60","2018","2022-12-02"
"kepco-1-19-구일초 태양광발전소","서울시 구로구 구일로 68 ,구일초등학교","가동중","70.38","380","60","2018","2022-12-02"
"kepco-1-26-인수중 태양광발전소","서울시 강북구 인수봉로75길 10, 인수중학교","가동중","56.235","380","60","2018","2022-12-02"
"kepco-1-29-경서중 태양광발전소","서울시 강서구 양천로59길 31, 경서중학교","가동중","49.68","380","60","2018","2022-12-02"
"kepco-1-30-세현고 태양광발전소","서울시 강서구 허준로 227, 세현고등학교","가동중","99.36","380","60","2018","2022-12-02"
"kepco-1-32-두산초 태양광발전소","서울시 금천구 범안로11길3, 두산초등학교","가동중","70.38","380","60","2018","2022-12-02"
"kepco-1-33-장승중 태양광발전소","서울시 동작구 장승배기로10가길 25, 장승중학교","가동중","49.68","380","60","2018","2022-12-02"
"kepco-1-35-치현초 태양광발전소","서울시 강서구 방화대로47길 43, 치현초등학교","가동중","82.8","380","60","2018","2022-12-02"
"kepco-1-37-강북중 태양광발전소","서울시 강북구 한천로150길 67, 강북중학교","가동중","93.15","380","60","2018","2022-12-02"
"kepco-1-38-금융고 태양광발전소","서울시 양천구 가로공원로61길 19, 금융고등학교","가동중","86.94","380","60","2018","2022-12-02"
"kepco-1-40-안천중 태양광발전소","서울시 금천구 한내로 69-44, 안천중학교","가동중","70.38","380","60","2018","2022-12-02"
"kepco-1-42-면목중 태양광발전소","서울시 중랑구 용마산로70길 37, 면목중학교","가동중","49.68","380","60","2019","2022-12-02"
"kepco-1-43-신내초 태양광발전소","서울시 중랑구 용마산로125나길 22, 신내초등학교","가동중","49.68","380","60","2019","2022-12-02"
"kepco-1-44-수락중 태양광발전소","서울시 노원구 동일로 1729, 수락중학교","가동중","49.68","380","60","2019","2022-12-02"
"kepco-1-46-방학중 태양광발전소","서울시 도봉구 시루봉로 188, 방학중학교","가동중","37.26","380","60","2019","2022-12-02"
"kepco-1-47-용곡중 태양광발전소","서울시 광진구 용마산로22길 76, 용곡중학교","가동중","80.73","380","60","2019","2022-12-02"
"kepco-1-49-장안중 태양광발전소","서울시 중랑구 동일로780, 장안중학교","가동중","49.68","380","60","2019","2022-12-02"
"kepco-1-50-휘봉초 태양광발전소","서울시 동대문구 장안벚꽃로309, 휘봉초등학교","가동중","49.68","380","60","2019","2022-12-02"
"kepco-1-51-무학중 태양광발전소","서울시 성동구 행당로 120, 무학중학교","가동중","37.26","380","60","2019","2022-12-02"
"kepco-1-52-경일고 태양광발전소","서울시 성동구 성수일로 27, 경일고등학교","가동중","49.68","380","60","2019","2022-12-02"
"kepco-1-56-청구초 태양광발전소","서울시 중구 다산로170, 청구초등학교","가동중","49.68","380","60","2019","2022-12-02"
"kepco-1-57-월계초 태양광발전소","서울시 노원구 월계로 45가길 10, 월계초등학교","가동중","49.68","380","60","2019","2022-12-02"
"kepco-1-5-중대초 태양광발전소","서울시 송파구 송파대로36길 8, 중대초등학교","가동중","99.36","380","60","2018","2022-12-02"
"kepco-1-60-봉림중 태양광발전소","서울시 관악구 장군봉길 72, 봉림중학교","가동중","49.64","380","60","2019","2022-12-02"
"보배태양광발전소","서울시 송파구 잠실동 329-15","가동중","18.36","380","60","2018","2022-12-02"
"해피홈태양광발전소","서울시 서대문구 남가좌동 342-15","가동중","16.2","380","60","2018","2022-12-02"
"JH태양광발전소","서울시 강남구 역삼동 658-6","가동중","8.5","220","60","2021","2022-12-02"
"관성사 태양광발전소","서울시 종로구 홍파동 5-33 외 24필지. 불교사찰","가동중","17.52","380","60","2018","2022-12-02"
"삼부프라자태양광발전소","서울시 노원구 중계동 364-19 삼부프라자빌딩","가동중","57.6","380","60","2018","2022-12-02"
"코코태양광발전소","서울시 서대문구 연희동 170-131","가동중","9","380","60","2018","2022-12-02"
"오로라태양광발전소","서울시 강서구 수명로 82","가동중","54.75","380","60","2020","2022-12-02"
"태광태양광발전소","서울시 강동구 명일동 223-5","가동중","57.12","380","60","2018","2022-12-02"
"태양과바람5호태양광발전소(서울시교육청 서대문도서관)","서울시 서대문구 모래내로 412(서대문도서관)","가동중","42.705","380","60","2018","2022-12-02"
"보덕태양광발전소","서울시 동작구 사당로 243","가동중","18.285","380","60","2019","2022-12-02"
"kepco-1-61-상경중 태양광발전소","서울시 노원구 동일로 227길 61, 상경중학교","가동중","37.26","380","60","2019","2022-12-02"
"kepco-1-62-신방학초 태양광발전소","서울시 도봉구 시루봉로 173, 신방학초등학교","가동중","74.52","380","60","2019","2022-12-02"
"kepco-1-63-원묵초 태양광발전소","서울시 중랑구 숙선옹주로 109, 원묵초등학교","가동중","80.73","380","60","2019","2022-12-02"
"kepco-1-64-월천초 태양광발전소","서울시 도봉구 노해로70길 96, 월천초등학교","가동중","49.68","380","60","2019","2022-12-02"
"kepco-1-65-한서초 태양광발전소","서울시 마포구 대흥로24바길 27, 한서초등학교","가동중","49.68","380","60","2019","2022-12-02"
"kepco-1-66-태랑중 태양광발전소","서울시 노원구 화랑로 51나길 51,태랑중학교","가동중","49.68","380","60","2019","2022-12-02"
"kepco-1-67-중원초 태양광발전소","서울시 노원구 섬발로 316, 중원초등학교","가동중","80.73","380","60","2019","2022-12-02"
"kepco-1-78-삼정중 태양광발전소","서울시 강서구 금낭화로210, 삼정중학교","가동중","49.64","380","60","2020","2022-12-02"
"kepco-1-7-숭덕초 태양광발전소","서울시 성북구 정릉로279, 숭덕초등학교","가동중","49.68","380","60","2018","2022-12-02"
"kepco-1-8-남성중 태양광발전소","서울시 동작구 남부순환로269길 166, 남성중학교","가동중","52.44","380","60","2018","2022-12-02"
"kepco-1-20-신구중 태양광발전소","서울시 강남구 압구정로36길 17, 신구중학교","가동중","76.16","380","60","2018","2022-12-02"
"kepco-1-21-방화중 태양광발전소","서울시 강서구 개화동로27길 9, 방화중학교","가동중","48.96","380","60","2018","2022-12-02"
"kepco-1-22-방화초 태양광발전소","서울시 강서구 양천로6길 92, 방화초등학교","가동중","65.28","380","60","2018","2022-12-02"
"kepco-1-23-염창중 태양광발전소","서울시 강서구 양천로67가길 83, 염창중학교","가동중","38.08","380","60","2018","2022-12-02"
"kepco-1-24-신대림초 태양광발전소","서울시 영등포구 대림로8길 25, 신대림초등학교","가동중","32.64","380","60","2018","2022-12-02"
"kepco-1-25-서울산업정보학교 태양광발전소","서울시 관악구 신림로 67, 서울산업정보학교","가동중","32.64","380","60","2018","2022-12-02"
"kepco-1-27-강현중 태양광발전소","서울시 동작구 상도로13라길 22, 강현중학교","가동중","32.64","380","60","2018","2022-12-02"
"kepco-1-28-동작고 태양광발전소","서울시 동작구 솔밭로 51, 동작고등학교","가동중","32.64","380","60","2018","2022-12-02"
"kepco-1-39-수서초 태양광발전소","서울시 강남구 광평로51길 46, 수서초등학교","가동중","48.96","380","60","2018","2022-12-02"
"kepco-1-41-수도공고(스탠드) 태양광발전소","서울시 강남구 개포로 410, 수도공업고등학교","가동중","168.64","380","60","2018","2022-12-02"
"화곡태양광발전소","서울시 강서구 화곡로 21길 62","가동중","19.17","380","60","2018","2022-12-02"
"서울나눔발전소 8호(중랑물재생센터 1차침전지)","서울시 성동구 자동차시장3길 64(용답동), 중랑물재생센터 1차침전지","가동중","988.2","22900","60","2019","2022-12-02"
"LG화학 서울희망그린발전소(중랑물재생센터 생물반응조 및 1차 침전지 후단)","서울시 성동구 자동차시장3길 64(용답동), 중랑물재생센터 생물반응조 및 1차침전지 후단","가동중","622.08","22900","60","2018","2022-12-02"
"엠에스태양광발전소","서울시 영등포구 대림동 664-18","가동중","34.08","380","60","2018","2022-12-02"
"대종회태양광발전소(문중 시설)","서울시 강북구 미아3동 218-1","가동중","18.98","380","60","2018","2022-12-02"
"김선후태양광발전소","서울시 관악구 신림1동 1577-16,17","가동중","17","220","60","2018","2022-12-02"
"도봉시민햇빛나눔발전소 4호기","서울시 도봉구 방학로3길 117(도봉구 보건소)","가동중","19.04","380","60","2018","2022-12-02"
"노너드태양광발전소","서울시 은평구 역촌동 83-39","가동중","12.6","220","60","2018","2022-12-02"
"대한상운햇빛발전소","서울시 성동구 성수동1가 685-58","가동중","59.84","380","60","2018","2022-12-02"
"우일태양광발전소","서울시 동대문구 청계천로 497, 우일빌딩","가동중","37.96","380","60","2018","2022-12-02"
"제이앤비 The Best 2 태양광발전소","서울시 중구 난계로 17길 17, 1569,1567","가동중","12.41","380","60","2019","2022-12-02"
"유덕휴먼빌아파트입주자대표회의 태양광발전소","서울시 강동구 천중로 54길 9-14, 유덕휴먼빌아파트","가동중","19.44","220","60","2018","2022-12-02"
"서울대공원 시민햇빛1호 태양광발전소 ","경기도 과천시 막계동 338 외 71필지(서울대공원 주차장)","준비중","5000","22900","60","","2022-12-02"
"서울대공원 시민햇빛2호 태양광발전소","경기도 과천시 막계동 258 외 70필지(서울대공원 주차장)","준비중","5000","22900","60","","2022-12-02"
"자양고가도로 태양광발전소","서울시 광진구 자양동 562,701, 구의동 627-9,572","가동중","97.92","380","60","2019","2022-12-02"
"강변북로 성수1호 태양광발전소","서울시 성동구 성수동 1가 697-1, 강변북로 옹벽","가동중","73.44","380","60","2019","2022-12-02"
"강변북로 성수2호 태양광발전소","서울시 성동구 성수동2가 623,630-6,158-4, 강변북로 옹벽","가동중","146.88","380","60","2019","2022-12-02"
"경광태양광발전소","서울시 구로구 고척로6길 29(오류동)","가동중","12.32","220","60","2019","2022-12-02"
"엠엠에스㈜태양광발전소","서울시 중랑구 면목동 151-10","가동중","25.55","380","60","2019","2022-12-02"
"개화역환승센터태양광발전소","서울시 강서구 개화동 490-3,개화역환승센터","가동중","184.32","380","60","2019","2022-12-02"
"용마태양광발전소","서울시 중랑구 묵동 250-13, 용마빌딩","가동중","16.32","220","60","2019","2022-12-02"
"고원초등학교 햇빛발전소","서울시 구로구 경인로46길 13, 고원초등학교","가동중","34.68","380","60","2018","2022-12-02"
"데코태양광발전소","서울시 중랑구 상봉동 201","가동중","18.72","380","60","2019","2022-12-02"
"천호태양광발전소","서울시 강동구 올림픽로 92길 52(천호동)","가동중","12.42","220","60","2019","2022-12-02"
"원불교 신촌교당 태양광발전소","서울시 서대문구 신촌로7길 46, 원불교 신촌교당","가동중","32.64","380","60","2019","2022-12-02"
"상계태양광발전소","서울시 노원구 상계로 117","가동중","17.94","380","60","2019","2022-12-02"
"엘하우스태양광발전소","서울시 광진구 자양번영로 11길 21","가동중","9.49","220","60","2019","2022-12-02"
"문정태양광발전소","서울시 송파구 새말로 6길 49","가동중","11.85","380","60","2019","2022-12-02"
"쌍용태양광발전소","서울시 노원구 상계로 137-15","가동중","14.8","220","60","2019","2022-12-02"
"삼화상운1 태양광발전소","서울시 노원구 월계로 280(월계동 541-1)","가동중","99.9","380","60","2019","2022-12-02"
"삼화상운2 태양광발전소","서울시 노원구 월계로 45길 41(월계동 850)","가동중","77.7","380","60","2019","2022-12-02"
"kepco-1-69-봉화중 태양광발전소","서울시 중랑구 망우로70길 89, 봉화중학교","가동중","98.77","380","60","2020","2022-12-02"
"kepco-1-70-원묵중 태양광발전소","서울시 중랑구 신내로23길 57, 원묵중학교","가동중","98.77","380","60","2020","2022-12-02"
"kepco-1-71-방이중 태양광발전소","서울시 송파구 오금로 11길 64, 방이중학교","가동중","49.385","380","60","2020","2022-12-02"
"다스코(주) 동부간선도로 방음터널 태양광발전소","서울시 노원구 상계동 1083 외 10필지","가동중","902.88","22900","60","2020","2022-12-02"
"코원ES 햇빛발전소 3 (송파)","서울시 송파구 장지동 875(서울복합물류 건물 C동, D동 옥상)","가동중","1315.44","22900","60","2019","2022-12-02"
"서서울태양광발전소","서울시 구로구 고척동 218-7","가동중","9.6","380","60","2019","2022-12-02"
"샬롬햇빛태양광발전소","서울시 구로구 온수동 73-1, 초온교회","가동중","52.26","380","60","2019","2022-12-02"
"도봉햇빛나눔발전소 3호기","서울시 도봉구 마들로 932, 다락원 체육공원 부설주차장","가동중","80.64","380","60","2020","2022-12-02"
"건대부중햇빛발전소","서울시 광진구 자양로 145-1, 건국대학교 사범대학 부속중학교","가동중","99.16","380","60","2019","2022-12-02"
"신천유수지 공영주차장 강남햇빛발전소","서울시 송파구 신천동 14 신천유수지 공영주차장","가동중","99.9","380","60","2020","2022-12-02"
"준솔라태양광발전소","서울시 서초구 양재동 9-4","가동중","12.035","220","60","2020","2022-12-02"
"신천유수지 공영주차장 둥근햇빛발전소","서울시 송파구 신천동 14 신천유수지 공영주차장","가동중","83.25","380","60","2020","2022-12-02"
"강남햇빛발전협동조합 수서역발전소","서울시 강남구 수서동 735번지, 수서역 공영주차장","준비중","99.9","380","60","","2022-12-02"
"둥근수서햇빛발전소","서울시 강남구 수서동 736번지, 수서역 공영주차장","준비중","99.9","380","60","","2022-12-02"
"강서양천 수서역 햇빛발전소","서울시 강남구 수서동 737번지, 수서역 공영주차장","준비중","99.9","380","60","","2022-12-02"
"태양과바람 7호기","서울시 강남구 수서동 738번지, 수서역 공영주차장","준비중","99.9","380","60","","2022-12-02"
"SK은평 박석고개 태양광발전소","서울시 은평구 갈현동 1-6/1-12","가동중","29.625","380","60","2020","2022-12-02"
"SK동대문 장안킹 태양광발전소","서울시 동대문구 장안동 164-2","가동중","18.96","380","60","2020","2022-12-02"
"제기동 햇빛발전소","서울특별시 동대문구 약령시로 2길 36-3","가동중","19.2","380","60","2019","2022-12-02"
"서울시민 수서 햇빛발전소","서울시 강남구 수서동 735, 수서역 공영주차장","준비중","99.9","380","60","","2022-12-02"
"금천 수서 태양광발전소","서울시 강남구 수서동 735, 수서역 공영주차장","준비중","99.9","380","60","","2022-12-02"
"한울안 수서 태양광발전소","서울시 강남구 수서동 735, 수서역 공영주차장","준비중","99.9","380","60","","2022-12-02"
"강서양천 영남햇빛발전소(영등포 영남공영주차장)","서울특별시 영등포구 영등포동4가 123, 영남 공영주차장","가동중","71.38","380","60","2020","2022-12-02"
"한울안 영남태양광발전소","서울특별시 영등포구 영등포동4가 123, 영남 공영주차장","가동중","35.72","380","60","2021","2022-12-02"
"상계햇빛발전소","서울시 노원구 상계동 686(노원구립도서관)","가동중","96.2","380","60","2020","2022-12-02"
"강변북로 광나루 태양광발전소","서울시 광진구 광장동 561-2,574-16,574-12(옹벽)","가동중","140.4","380","60","2020","2022-12-02"
"성대골 햇빛발전소 1호","서울시 동작구 성대로2길 9(건축물 옥상)","가동중","10.125","220","60","2020","2022-12-02"
"장로회신학대학교 태양광발전소","서울시 광진구 광장로5길 25-1","가동중","96.8","380","60","2020","2022-12-02"
"공릉점기아오토큐 태양광발전소","서울시 노원구 동일로 173가길 112","가동중","27.39","380","60","2020","2022-12-02"
"광영 태양광발전소","서울시 광진구 능동로 256","가동중","16.5","380","60","2020","2022-12-02"
"주원 태양광발전소","서울시 동대문구 회기로 29길 30(휘경동)","가동중","13.32","380","60","2020","2022-12-02"
"양지 태양광발전소","서울시 노원구 공릉동 240-92,93","가동중","17.43","380","60","2019","2022-12-02"
"대일관광고 햇빛발전소","서울시 양천구 신정이펜1로11(대일관광고등학교 주차장)","가동중","84.375","380","60","2019","2022-12-02"
"kepco-1-72-자양고 태양광발전소","서울시 광진구 뚝섬로37길 28, 자양고등학교","가동중","98.77","380","60","2020","2022-12-02"
"kepco-1-73-대현초 태양광발전소","서울시 강남구 역삼로98길 16, 대현초등학교","가동중","98.77","380","60","2020","2022-12-02"
"kepco-1-74-성심여고 태양광발전소","서울시 용산구 원효로19길 49, 성심여자고등학교","가동중","74.605","380","60","2020","2022-12-02"
"kepco-1-76-당곡고 태양광발전소","서울시 관악구 봉천로21길 108, 당곡고등학교","가동중","28.22","380","60","2020","2022-12-02"
"kepco-1-77-숭실중 태양광발전소","서울시 은평구 은평터널로7길 6, 숭실중학교","가동중","49.385","380","60","2020","2022-12-02"
"kepco-1-79-불암고 태양광발전소","서울시 노원구 중계로 155, 불암고등학교","가동중","98.77","380","60","2020","2022-12-02"
"등원중 햇빛발전소 학교태양광","서울시 강서구 화곡로65길 50(등원중학교 건물 옥상)","가동중","99.9","380","60","2020","2022-12-02"
"성대골햇빛발전소 3호","서울시 동작구 상도로15바길 5(동작청소년문화의집)","가동중","25.12","380","60","2020","2022-12-02"
"태양과바람 8호기(덕산중학교)","서울시 은평구 가좌로 400(덕산중학교)","가동중","99.9","380","60","2020","2022-12-02"
"권오철 태양광발전소","서울시 동대문구 사가정로 13가길 3(전농동)","가동중","12.09","220","60","2020","2022-12-02"
"kepco-1-80-세곡중 태양광발전소","서울시 강남구 자곡로 81, 세곡중학교","가동중","35.7","380","60","2021","2022-12-02"
"한빛 태양광발전소","서울시 은평구 연서로35길 13-1","가동중","10.79","380","60","2020","2022-12-02"
"신성빌딩 태양광발전소","서울시 서초구 강남대로6길 133-19","가동중","20.15","220","60","2020","2022-12-02"
"강희용 태양광발전소","서울시 강남구 학동로18길 46 옥상층(논현동156-15)","가동중","15.25","220","60","2020","2022-12-02"
"송파나눔발전소 5호기","송파구 오금로1(신천 유수지 빗물펌프장)","가동중","63","380","60","2020","2022-12-02"
"방화 햇빛발전소","서울시 강서구 개화동 산16-5, 620-34, 295-7,293, 287 일대","가동중","635.04","22900","60","2020","2022-12-02"
"성대골햇빛발전소 2호","서울시 동작구 대방동23가길 8(건축물 옥상)","가동중","10.125","220","60","2020","2022-12-02"
"우리동네영남공영주차장햇빛발전소","서울특별시 영등포구 영등포동4가 123, 영남공영주차장(건축물 옥상)","가동중","99.6","380","60","2020","2022-12-02"
"건양수목원빌 태양광발전소","서울 구로구 연동로11길 26(항동)","가동중","19.92","380","60","2020","2022-12-02"
"허행석 태양광발전소","서울특별시 동대문구 신이문로6길 5","준비중","13.28","380","60","","2022-12-02"
"태양과바람 9호기","서울시 은평구 진관동 125, 은평다목적체육관","가동중","99.9","380","60","2020","2022-12-02"
"삼경빌라 태양광발전소","서울특별시 서초구 도구로 120-6(방배동 862-14 외1)","가동중","19.5","220","60","2020","2022-12-02"
"신월6동태양광발전소","서울시 양천구 신월동 1002-18()","가동중","43.16","380","60","2020","2022-12-02"
"태양과바람10호기","서울시 서대문구 연희로11마길906(서연중학교)","가동중","31.5","380","60","2020","2022-12-02"
"영서 둔촌태양광발전소","서울시 강동구 양재대로 96길29","가동중","19.505","220","60","2020","2022-12-02"
"kepco-1-81-경복고 태양광발전소","서울시 종로구 자하문로28가길 9, 경복고등학교","가동중","35.7","380","60","2021","2022-12-02"
"kepco-1-82-창일중 태양광발전소","서울시 도봉구 노해로66길 60, 창일중학교","가동중","78.54","380","60","2021","2022-12-02"
"백년 태양광발전소","서울시 서초구 방배동 593-10(2개동 건물 위)","준비중","19.92","380","60","","2022-12-02"
"수배빌딩 태양광발전소","서울시 송파구 백제고분로32길 6(삼전동72-14) ","가동중","13.28","220","60","2021","2022-12-02"
"하나 태양광발전소","서울시 서초구 강남대로37길 56-17","가동중","18","220","60","2020","2022-12-02"
"섬기는교회 태양광발전소","서울시 관악구 쑥고개로32","가동중","18.675","380","60","2020","2022-12-02"
"신화 태양광발전소","서울시 강남구 역삼로14길11(역삼동792)","가동중","10.35","220","60","2020","2022-12-02"
"월라이트 태양광발전소","서울시 서초구 강남대로18길 15-13","가동중","16.2","220","60","2020","2022-12-02"
"이로스 태양광발전소","서울시 송파구 중대로9길 5","가동중","19.22","220","60","2020","2022-12-02"
"올림픽대로 태양광발전소","서울시 송파구 신천동 1, 5번지(잠실철교 남단 올림픽대로 폐도로)","가동중","97.44","380","60","2020","2022-12-02"
"만복 태양광발전소","서울시 강동구 동남로82길 101","가동중","13.95","220","60","2020","2022-12-02"
"풍성그레이스 유한책임회사","서울시 송파구 올림픽로45길19","가동중","28.8","380","60","2020","2022-12-02"
"한성 태양광발전소","서울시 송파구 가락로18길 8-1(송파동97-21)","가동중","19.35","220","60","2020","2022-12-02"
"청원초 태양광발전소","서울시 노원구 한글비석로 506 (건물 옥상)","가동중","96.475","380","60","2020","2022-12-02"
"헤빛온 서울식물원발전소","서울시 강서구 마곡동 20-3 외 3필지 서울식물원 제2주차장","가동중","499.5","380","60","2021","2022-12-02"
"헤빛온 화곡 6-1 주차장","서울시 강서구 우장산로 114 화곡6-1공영주차장","가동중","63","380","60","2020","2022-12-02"
"람곡 태양광발전소","서울시 강북구 한천로 993","가동중","10.465","220","60","2021","2022-12-02"
"신현기 태양광발전소","서울시 은평구 통일로 912","가동중","16.8","380","60","2021","2022-12-02"
"옥상달빛 태양광발전소","서울시 도봉구 창동 263-37","가동중","12.905","380","60","2020","2022-12-02"
"구립서초노인요양센터 태양광발전소","서울시 서초구 남부순환로 340길 21","가동중","70.55","380","60","2021","2022-12-02"
"서초종합체육관 태양광발전소","서울시 서초구 양재대로 12길 73-48","가동중","352","380","60","2021","2022-12-02"
"한우리정보문화센터 태양광발전소","서울시 서초구 남부순환로340길 15 ","가동중","190.485","380","60","2021","2022-12-02"
"신정 태양광발전소","서울시 양천구 신정동 940-38","가동중","19.92","380","60","2020","2022-12-02"
"광진 태양광발전소","서울시 광진구 중곡동 24-29(건물 옥상)","가동중","24.4","380","60","2021","2022-12-02"
"헤빛온 개화차량기지 발전소","서울시 강서구 개화동로8길 38 중정비분소, 종합창고, 기취고 부속건물 지붕","가동중","500.85","380","60","2021","2022-12-02"
"신주리버빌 태양광발전소","서울시 강동구 천호동 290-13","가동중","21.42","220","60","2021","2022-12-02"
"금강블루빌 태양광발전소","서울시 강동구 천호동 290-13","가동중","17.64","220","60","2021","2022-12-02"
"도레테크 태양광발전소","서울시 관악구 난곡로51길21","가동중","18.9","380","60","2021","2022-12-02"
"동부그린 태양광발전소","서울시 관악구 봉천동 41-551","가동중","13.68","220","60","2021","2022-12-02"
"림스 태양광발전소","서울시 동작구 상도로45길 67","가동중","12.905","220","60","2021","2022-12-02"
"슈마 태양광발전소","서울시 금천구 독산로 71","준비중","11.25","380","60","","2022-12-02"
"운현궁에스케이허브 태양광발전소","서울시 종로구 삼일대로 461 101동 옥상","가동중","92.82","380","60","2022","2022-12-02"
"도봉햇빛나눔발전소 4호기","서울시 도봉구 창동 677번지(초안산근린공원 창골 주차장)","가동중","68.25","380","60","2021","2022-12-02"
"성대골햇빛발전소 5호","서울시 동작구 여의대방로20길 33(보라매안전체험관)","준비중","94.8","380","60","","2022-12-02"
"성대골햇빛발전소 6호","서울시 동작구 여의대방로20길 33(보라매안전체험관)","준비중","33.18","380","60","","2022-12-02"
"경동시장 태양광발전소","서울시 동대문구 고산자로36길 3(경동시장 신관 옥상)","가동중","84.28","380","60","2021","2022-12-02"
"심산기념문화센터 태양광발전소","서울시 서초구 사평대로 55","가동중","231.57","380","60","2021","2022-12-02"
"반포1동 주민센터 태양광발전소","서울시 서초구 사평대로 273","가동중","49.385","380","60","2021","2022-12-02"
"내곡느티나무쉼터 태양광발전소","서울시 서초구 염곡말길 9","가동중","72.8","380","60","2021","2022-12-02"
"SK창동 태양광발전소","서울시 도봉구 도봉로 434","가동중","18.06","380","60","2021","2022-12-02"
"SK북부 태양광발전소","서울시 도봉구 도봉로 437","가동중","18.06","380","60","2021","2022-12-02"
"SK신길동 태양광발전소","서울시 영등포구 영등포로 348","가동중","25.8","380","60","2021","2022-12-02"
"SK신평 태양광발전소","서울시 양천구 목동남로 62(신정7동 209-6)","가동중","25.8","380","60","2021","2022-12-02"
"SK은평뉴타운 태양광발전소","서울시 은평구 통일로 924(불광동 493)","가동중","20.64","380","60","2021","2022-12-02"
"SK박미 태양광발전소","서울시 금천구 시흥대로 39-7(시흥3동 980)","가동중","20.64","380","60","2021","2022-12-02"
"SK신봉천 태양광발전소","서울시 관악구 남부순환로 1880(봉천동 1663-11)","가동중","15.48","380","60","2021","2022-12-02"
"그리드위즈 도봉1호 태양광발전소","서울시 도봉구 창포원로 45 테니스장(건물 위)","가동중","168","380","60","2021","2022-12-02"
"감명숙 태양광발전소","서울시 송파구 백제고분로7길 28 건축물 옥상","준비중","22.68","380","60","","2022-12-02"
"그리드위즈 도봉2호 태양광발전소","서울시 도봉구 창포원로 45 배드민턴장(건물 위)","가동중","36","380","60","2021","2022-12-02"
"문화류씨고양공파종중 태양광발전소","서울시 중구 퇴계로44길 11","가동중","29.4","380","60","2021","2022-12-02"
"장로회신학대학교 2차 태양광발전소","서울시 광진구 광장로5길 25-1","가동중","72.66","380","60","2021","2022-12-02"
"세호 태양광발전소 ","서울시 송파구 송파동 97-14","가동중","18","220","60","2021","2022-12-02"
"씨에이치홀딩스 1호 태양광발전소","서울시 동대문구 이문동 217-10","가동중","12.6","380","60","2021","2022-12-02"
"성호솔라텍 태양광발전소","서울시 송파구 백제고분로 34길8(석촌동 211-5) 옥상","준비중","14.4","380","60","","2022-12-02"
"강동나눔발전소(천호빗물펌프장)","서울시 강동구 천호동 329 천호빗물펌프장(건축물 옥상)","가동중","98.28","380","60","2021","2022-12-02"
"한진 태양광발전소","서울시 용산구 한강로3가 40-93(건축물 옥상)","준비중","18.48","380","60","","2022-12-02"
"한빛 태양광발전소","서울시 양천구 신월동 575-14","준비중","10.92","380","60","","2022-12-02"
"케이서울햇빛발전소 고덕 태양광발전소","서울시 강동구 아리수로87길 32(지하철 5호선 고덕차량기지 지붕)","준비중","978.75","22900","60","","2022-12-02"
"케이서울햇빛발전소 신내 태양광발전소","서울시 중랑구 용마산로 136길 33(지하철 6호선 신내차량기지 지붕)","가동중","1704.96","22900","60","2022","2022-12-02"
"CM에너지 태양광발전소","서울시 중구 퇴계로 382(신당동, 태화빌딩)","준비중","69.72","380","60","","2022-12-02"
"성보1호기 태양광발전소","서울시 관악구 조원로 10 성보빌딩(건물옥상)","가동중","9.555","220","60","2021","2022-12-02"
"범진빌딩 태양광발전소","서울시 중랑구 상봉동 220-8(건물옥상)","가동중","17.55","380","60","2021","2022-12-02"
"kck빌 태양광발전소","서울시 관악구 조원로 124-4(신림동)","준비중","12.88","380","60","","2022-12-02"
"제일 태양광발전소","서울시 금천구 1다길 24(건물옥상)","가동중","16.1","380","60","2021","2022-12-02"
"상용 태양광발전소","서울시 강동구 성내로 13길 58-14","가동중","15.925","220","60","2021","2022-12-02"
"브이센터 태양광발전소","서울시 강동구 아리수로 61길 103","준비중","70.2","380","60","","2022-12-02"
"강동타워 태양광발전소","서울시 강동구 상일로6길 39(건물옥상)","준비중","74.88","380","60","","2022-12-02"
"배재고등학교 태양광발전소","서울시 강동구 고덕로 227","가동중","497.7","380","60","2021","2022-12-02"
"길하우스 태양광발전소","서울시 영등포구 양평동3가 30-25(건물옥상)","가동중","9.63","380","60","2021","2022-12-02"
"중앙신관 태양광발전소","서울시 강서구 까치산로2길 89-1(건물 옥상)","가동중","19.32","380","60","2021","2022-12-02"
"중앙교회 태양광발전소","서울시 강서구 까치산로2길 89-1(건물 지붕)","가동중","17.94","380","60","2021","2022-12-02"
"일자산 제1체육관 태양광발전소","서울시 강동구 동남로 660(둔촌동 산125)","준비중","115.2","380","60","","2022-12-02"
"상명 태양광발전소","서울시 마포구 와우산로3길 3","준비중","27.72","380","60","","2022-12-02"
"이국종 태양광발전소","서울시 송파구 문정동 67-1","준비중","15.015","380","60","","2022-12-02"
"삼전 태양광발전소","서울시 송파구 백제고분로27길15-4","가동중","10.44","220","60","2022","2022-12-02"
"위너스 태양광발전소","서울시 금천구 독산동 335-21","가동중","21.84","380","60","2021","2022-12-02"
"더빌딩 태양광발전소","서울시 금천구 가산동 238-43","가동중","19.11","380","60","2021","2022-12-02"
"pause발전","서울시 구로구 연동로11길 4-1(항동)","가동중","15.36","380","60","2022","2022-12-02"
"승보 태양광 발전소","서울시 관악구 남부순환로 1517-1","가동중","15.64","380","60","2022","2022-12-02"
"박병길 태양광발전소","서울시 영등포구 선유로 22길5","준비중","13","380","60","","2022-12-02"
"서울서부회태양광발전 주식회사","서울시 은평구 연서로 68(역촌동)","가동중","29.7","380","60","2021","2022-12-02"
"로얄 태양광발전소","서울시 송파구 동남로6길 41-13","가동중","12.42","220","60","2022","2022-12-02"
"성민수 태양광발전소","서울시 강남구 봉은사로63길 29(삼성동41-24)","준비중","13.92","220","60","","2022-12-02"
"문화류씨고양공파종중2 태양광발전소","서울시 금천구 독산로54길 32","준비중","51.52","380","60","","2022-12-02"
"이레재태양광발전소","서울시 송파구 마천로 61다길19 이레재하우스","준비중","10.08","220","60","","2022-12-02"
"이리스힐발전소","서울시 은평구 구산동 308-16","준비중","17.28","380","60","","2022-12-02"
"청원여자고등학교옥상88.16kW태양광발전소","서울시 노원구 한글비석로 506 청원여자고등학교 옥상","가동중","88.16","380","60","2021","2022-12-02"
"영진3호 태양광발전소","서울시 성북구 보국문로69","준비중","14.88","380","60","","2022-12-02"
"영진1호 태양광발전소","서울시 성북구 보국문로69","준비중","29.76","380","60","","2022-12-02"
"영진2호 태양광발전소","서울시 성북구 보국문로69","준비중","29.76","380","60","","2022-12-02"
"큰솔 태양광발전소","서울시 중랑구 양원역로16길 103-15","가동중","29.76","380","60","2022","2022-12-02"
"테크노시스템 태양광발전소","서울시 노원구 화랑로60길 80-2","가동중","19.68","380","60","2022","2022-12-02"
"도원개봉발전소","서울시 구로구 개봉로16길 27(개봉동)","준비중","7.02","380","60","","2022-12-02"
"장로회신학대학교 3차 태양광발전소","서울시 광진구 광장로5길 25-1 마포삼열기념관 건물 옥상","가동중","28.42","380","60","2022","2022-12-02"
"삼오발전소","서울시 중랑구 동일로 832 삼오빌딩(건축물 위)","준비중","24","380","60","","2022-12-02"
"글로벌4호 태양광발전소","서울시 금천구 가산동 345-1","준비중","196.2","380","60","","2022-12-02"
"불광천주차장 태양광발전소","서울시 서대문구 북가좌동 352-9 외 3필지","준비중","143.075","380","60","","2022-12-02"
"신주 태양광발전소","서울시 강동구 상암로 72-15 옥상","가동중","19.32","220","60","2022","2022-12-02"
"리빙스톤 태양광발전소","서울시 서대문구 성산로17길 18-17","준비중","24.38","220","60","","2022-12-02"
"해바라기 태양광발전소","서울시 은평구 대조동 15-132","준비중","17.85","220","60","","2022-12-02"
"근영 태양광발전소","서울시 금천구 독산동 1059-11(건축물 옥상)","준비중","19.55","380","60","","2022-12-02"